5;白雪直液式水笔(针管头)X66.5(黑)
6;白雪直液式水笔(针管头)X88.5(黑)
7;白雪直液式水笔(针管头)X88.5(红)
8;白雪直液式水笔(针管头)X88.5(蓝)
9;白雪速干中性笔(子弹头)G-101.5(黑)
10;白雪速干中性笔(子弹头)G-101.5(红)
11;白雪速干中性笔(子弹头)G-101.5(蓝)
12;白雪小楷软笔PM138F(黑)
13;白雪中楷软笔PM138M(黑)
14;白雪大楷软笔PM139(黑)
15;白雪直液式水笔(子弹头)PVR-150.5(黑)
16;白雪直液式水笔(子弹头)PVR-155.5(黑)
17;白雪直液式水笔(子弹头)PVR-155.5(红)
18;白雪直液式水笔(子弹头)PVR-155.5(蓝)
19;白雪直液式水笔(子弹头)PVR-155.5(墨兰)
20;白雪直液式水笔(子弹头)PVR-155.38(黑)
21;白雪直液式水笔(子弹头)PVR-155.38(红)
22;白雪直液式水笔(子弹头)PVR-155.38(蓝)
23;白雪直液式水笔(针管头)PVR-159.5(黑)
24;白雪直液式水笔(针管头)PVR-159.5(红)
25;白雪直液式水笔(针管头)PVR-159.5(蓝)
26;白雪直液式水笔(针管头)PVR-159.5(湖蓝)
27;白雪直液式水笔(针管头)PVR-159.5(绿)
28;白雪直液式水笔(针管头)PVR-159.5(紫)
29;白雪直液式水笔(针管头)PVR-159.5(粉)
30;白雪直液式水笔(针管头)PVR-159.38(黑)
31;白雪直液式水笔(针管头)PVR-166.5(黑)
32;白雪直液式水笔(针管头)PVR-166.5(红)
33;白雪直液式水笔(针管头)PVR-166.5(蓝)
34;白雪直液式水笔(针管头)PVR-166.5(墨兰)
35;白雪笔配件95
36;白雪速干中性笔(替芯X1)GBR05(黑)
37;白雪速干中性笔(替芯X1)GBR05(红)
38;白雪速干中性笔(替芯X1)GBR05(蓝)
