6;齐心强力保密型碎纸机(白)QX-S330
7;齐心C碎纸机(白)QX-S333
8;齐心强力保密型碎纸机(黑银)QX-S336
9;齐心多功能静音碎纸机(黑)QX-S338
10;齐心防卡纸多功能碎纸机(白)QX-S350
11;齐心C防卡纸多功能碎纸机(黑银)QX-S358
12;齐心防卡纸强力型碎纸机(黑银)QX-S359
13;齐心灵雅碎纸机(白)QX-S410
14;齐心全能强力碎纸机(黑)QX-S525
15;齐心灵霸碎纸机(黑)QX-S620
16;齐心自动送纸碎纸机(黑)QX-S801
17;齐心碎纸机(白)QX-S2701
18;齐心碎纸机(黑银)QX-S2702
19;齐心不卡纸多功能碎纸机(黑)QX-S3506
20;齐心中型办公碎纸机(黑)QX-S5215
22;齐心面部指纹混合识别考勤机(银灰)QX-F600
23;齐心灵准微电脑考勤机(白)QX-MT620
24;齐心灵准微电脑考勤机(白)QX-MT620T
25;齐心双色停电不打卡考勤机(白)QX-MT6100N
26;齐心双色停电打卡考勤机(白)QX-MT6200N
27;齐心双色停电不打卡考勤机(白)（淘汰）QX-MT8100
28;齐心双色停电打卡钟面考勤机(白)QX-MT8800
29;齐心免软件考勤机(黑银)QX-OP500C
30;齐心免软件高清大彩屏指纹考勤机(黑)QX-OP600C
31;齐心免软件精准彩屏指纹考勤机(黑银)QX-H500A
33;齐心C智能红外点验钞机(黑银)QX-JBYD2166C
34;齐心智能红外点验钞机(黑银)QX-JBYD2169C
35;齐心点钞机(黑银)（淘汰）、QX-JBYD2188C
36;齐心小管家点钞机(黑银)（淘汰）QX-JBYD2588C
37;齐心小管家点钞机(黑银)QX-JBYD2688C
38;齐心点钞机(黑银)（淘汰）QX-JBYD3188C
39;齐心点钞机(黑银)（淘汰）QX-JBYD3288C
40;齐心点钞机(黑银)（淘汰）QX-JBYD3600C
41;齐心中管家点钞机(黑银)QX-JBYD3688C
42;齐心中管家点钞机(黑银)QX-JBYD3888C
43;齐心点钞机(黑银)QX-JBYD5188C
44;齐心点钞机(黑银)（淘汰）QX-JBYD5288C
45;齐心大管家点钞机(黑银)QX-JBYD5688C
46;齐心大管家点钞机(黑银)（淘汰）QX-JBYD5888C
47;齐心点钞机(黑银)（淘汰）、QX-JBYD6188B
48;齐心大总管点钞机(黑银)QX-JBYD6688B
50;齐心胶圈装订机(15张)(黑银)QX-B15
51;齐心强刃金刚全抽刀胶圈装订机(黑银)QX-B2088
52;齐心胶圈装订机(黑银)QX-B2988
53;齐心MINI财务凭证装订机(灰)QX-CM3006
54;齐心标准财务凭证装订机(白)QX-CM3008
55;齐心C精细财务凭证装订机(白)QX-CM3066
56;齐心C精致财务凭证装订机(白)QX-CM4008
57;齐心智能触摸式财务装订机(白)QX-CM5008
58;齐心A4过塑机(银)QX-F9050A
59;齐心A4超平整过塑机(黑银)QX-F9050B
60;齐心A3过塑机(银)QX-F9051A
61;齐心A3超平整过塑机(黑银)QX-F9051B
62;齐心四辊超薄过塑机(白)QX-F9060白
63;齐心四辊超薄过塑机(黑)QX-F9060黑
64;齐心A3铁皮壳过塑机(银)QX-F9066
65;齐心胶圈装订机(黑银)QX-V1288
67;齐心C多功能超值电话机(白)QX-T100白
68;齐心C多功能超值电话机(红)QX-T100红
69;齐心多功能免提电话机(白)QX-T330白
70;齐心多功能免提电话机(黑)QX-T330黑
71;齐心好视角大按键电话机(白)QX-T333
72;齐心水晶按键商务电话机(白)QX-T335
74;齐心空心钻刀(30MM)QX-DT300配
75;齐心铆管(白)QX-MG400
76;齐心空心钻刀(40MM)QX-DT400配
77;齐心空心钻刀(50MM)QX-DT500黑
78;齐心铆管(白)QX-MG500
79;齐心24位卡架(灰)QX-KJ2466
80;齐心考勤机色带(黑)QX-F3503
81;齐心考勤卡100(橙蓝)QX-F3505
82;齐心考勤机色带(黑)QX-F3506
83;齐心护卡膜A4 80MIC(透明)QX-E4080
84;齐心护卡膜A4 125MIC(透明)QX-E4125
85;齐心财务装订机耗材刀头QX-DT5008配
86;齐心财务装订机耗材铆管(白)QX-MG5008
87;齐心50位卡架(灰)QX-KJ5066
90;齐心双面棉纸胶带 白QX-MT1210-10 白
91;齐心文具胶带12MM*30y 透明QX-JF1230-12透明
92;齐心双面泡棉胶带 白QX-PM1805-10 白
93;齐心双面棉纸胶带 白QX-MJ1810-10 白
94;齐心超透文具胶带18MM*30yQX-JF1830-8透明
95;齐心双面棉纸胶带 白QX-PM2405-10 白
96;齐心封箱胶带QX-JP4506-6透明
97;齐心封箱胶带QX-JP4510-6透明
98;齐心封箱胶带QX-JP4515-6透明
99;齐心封箱胶带QX-JP4520-6透明
100;齐心超透封箱胶带48MM*60yQX-JT4806-6透明
101;齐心超透封箱胶带48MM*100yQX-JT4810-6透明
102;齐心封箱胶带QX-JP5506-6透明
103;齐心封箱胶带QX-JP5510-6透明
104;齐心封箱胶带QX-JP5515-6透明
105;齐心超透封箱胶带60MM*60yQX-JT6006-6透明
106;齐心封箱胶带QX-JT6010-6透明
107;齐心封箱胶带QX-JP6010-6透明
